{"Afrikaans": [-31.0, 22.0], "Albanian": [41.0, 20.0], "Amharic": [10.0, 38.0], "Arabic (Modern Standard)": [25.0, 42.0], "Armenian (Eastern)": [40.0, 45.0], "Armenian (Western)": [38.5, 43.5], "Avar": [42.5, 46.5], "Azerbaijani": [40.5, 48.5], "Bengali": [24.0, 90.0], "Belorussian": [54.0, 28.0], "Bosnian": [43.0, 18.0], "Bashkir": [53.0, 58.0], "Basque": [43.0, -3.0], "Bukusu": [0.75, 34.6666666667], "Bulgarian": [42.5, 25.0], "Chuvash": [55.5, 47.5], "Catalan": [41.75, 2.0], "Czech": [50.0, 15.0], "Dutch": [52.5, 6.0], "English": [52.0, 0.0], "Estonian": [59.0, 26.0], "Finnish": [62.0, 25.0], "French": [48.0, 2.0], "Gaelic (Scots)": [57.0, -4.0], "Georgian": [42.0, 44.0], "German": [52.0, 10.0], "Greek (Modern)": [39.0, 22.0], "Gujarati": [23.0, 72.0], "Hindi": [25.0, 77.0], "Hungarian": [47.0, 20.0], "Indonesian": [0.0, 106.0], "Italian": [43.0, 12.0], "Kazakh": [50.0, 70.0], "Kirghiz": [42.0, 75.0], "Kannada": [14.0, 76.0], "Latvian": [57.0, 24.0], "Lithuanian": [55.0, 24.0], "Macedonian": [41.6666666667, 21.75], "Marathi": [19.0, 76.0], "Malay": [3.0, 102.0], "Malayalam": [10.0, 76.5], "Nepali": [28.0, 85.0], "Noghay": [44.0, 46.0], "Norwegian": [61.0, 8.0], "Oromo (Boraana)": [4.5, 38.5], "Polish": [52.0, 20.0], "Portuguese": [39.0, -8.0], "Persian": [32.0, 54.0], "Qafar": [12.0, 42.0], "Romanian": [46.0, 25.0], "Russian": [56.0, 38.0], "Serbian-Croatian": [44.0, 19.0], "Sindhi": [26.0, 69.0], "Slovene": [46.0, 15.0], "Sinhala": [7.0, 80.5], "Spanish": [40.0, -4.0], "Slovak": [49.0, 20.0], "Swedish": [60.0, 15.0], "Tajik": [38.6666666667, 70.0], "Telugu": [16.0, 79.0], "Turkmen": [40.0, 58.0], "Tamil": [11.0, 78.5], "Turkish": [39.0, 35.0], "Tatar": [56.0, 49.5], "Ukrainian": [49.0, 33.0], "Uyghur": [40.0, 80.0], "Welsh": [52.0, -3.0], "Latgalian": [56, 27]}